,R,k_pub,PI
0,54.01019003401694,0.5511859038396029,0.346238584008656
