,R,k_pub,PI
0,33.361735686835,0.1716792943136669,0.3602749199303282
